,Num_Cashiers,Num_Servers,Num_Ushers,Average_Wait_Minutes,Average_Wait_Seconds
0,1,1,1,43,26
1,1,1,2,44,16
2,1,1,3,44,44
3,1,1,4,41,15
4,1,1,5,43,14
5,1,1,6,40,11
6,1,1,7,43,7
7,1,1,8,40,19
8,1,1,9,40,56
9,1,2,1,41,33
10,1,2,2,42,17
11,1,2,3,43,39
12,1,2,4,41,8
13,1,2,5,41,10
14,1,2,6,42,38
15,1,2,7,40,57
16,1,2,8,38,22
17,1,2,9,41,20
18,1,3,1,41,36
19,1,3,2,42,9
20,1,3,3,42,38
21,1,3,4,40,33
22,1,3,5,44,28
23,1,3,6,40,24
24,1,3,7,40,43
25,1,3,8,40,21
26,1,3,9,45,16
27,1,4,1,43,37
28,1,4,2,41,9
29,1,4,3,38,36
30,1,4,4,40,10
31,1,4,5,43,11
32,1,4,6,42,3
33,1,4,7,41,51
34,1,4,8,42,9
35,1,4,9,41,32
36,1,5,1,41,6
37,1,5,2,42,35
38,1,5,3,41,3
39,1,5,4,45,3
40,1,5,5,45,3
41,1,5,6,41,35
42,1,5,7,40,39
43,1,5,8,40,54
44,1,5,9,41,31
45,1,6,1,42,32
46,1,6,2,44,17
47,1,6,3,42,42
48,1,6,4,41,5
49,1,6,5,42,4
50,1,6,6,41,19
51,1,6,7,43,24
52,1,6,8,41,2
53,1,6,9,43,9
54,1,7,1,41,36
55,1,7,2,42,51
56,1,7,3,45,13
57,1,7,4,41,58
58,1,7,5,43,58
59,1,7,6,43,36
60,1,7,7,43,34
61,1,7,8,42,29
62,1,7,9,40,35
63,1,8,1,43,35
64,1,8,2,40,17
65,1,8,3,40,57
66,1,8,4,43,17
67,1,8,5,39,32
68,1,8,6,38,8
69,1,8,7,43,8
70,1,8,8,41,43
71,1,8,9,42,45
72,1,9,1,44,15
73,1,9,2,44,21
74,1,9,3,42,36
75,1,9,4,44,13
76,1,9,5,42,38
77,1,9,6,42,35
78,1,9,7,39,11
79,1,9,8,39,34
80,1,9,9,40,11
81,1,10,1,42,7
82,1,10,2,44,27
83,1,10,3,42,43
84,1,10,4,38,29
85,1,10,5,44,18
86,1,10,6,42,58
87,1,10,7,43,29
88,1,10,8,40,0
89,1,10,9,41,44
90,1,11,1,41,47
91,1,11,2,41,6
92,1,11,3,43,53
93,1,11,4,45,30
94,1,11,5,39,5
95,1,11,6,43,10
96,1,11,7,44,23
97,1,11,8,41,52
98,1,11,9,41,18
99,1,12,1,42,52
100,1,12,2,41,36
101,1,12,3,41,44
102,1,12,4,39,36
103,1,12,5,43,52
104,1,12,6,43,9
105,1,12,7,40,44
106,1,12,8,44,7
107,1,12,9,44,58
108,1,13,1,41,25
109,1,13,2,43,1
110,1,13,3,41,54
111,1,13,4,44,23
112,1,13,5,41,20
113,1,13,6,44,13
114,1,13,7,44,52
115,1,13,8,42,11
116,1,13,9,43,29
117,1,14,1,43,24
118,1,14,2,41,59
119,1,14,3,44,23
120,1,14,4,42,1
121,1,14,5,42,50
122,1,14,6,38,49
123,1,14,7,45,12
124,1,14,8,42,34
125,1,14,9,39,29
126,1,15,1,43,32
127,1,15,2,42,17
128,1,15,3,42,57
129,1,15,4,43,8
130,1,15,5,41,47
131,1,15,6,42,55
132,1,15,7,42,23
133,1,15,8,38,55
134,1,15,9,39,55
135,1,16,1,41,47
136,1,16,2,42,47
137,1,16,3,41,24
138,1,16,4,41,21
139,1,16,5,41,10
140,1,16,6,41,37
141,1,16,7,40,38
142,1,16,8,39,32
143,1,16,9,44,46
144,1,17,1,43,10
145,1,17,2,43,49
146,1,17,3,41,42
147,1,17,4,44,38
148,1,17,5,40,35
149,1,17,6,45,36
150,1,17,7,41,45
151,1,17,8,39,38
152,1,17,9,41,54
153,1,18,1,42,30
154,1,18,2,42,56
155,1,18,3,42,19
156,1,18,4,42,58
157,1,18,5,40,29
158,1,18,6,43,55
159,1,18,7,41,8
160,1,18,8,40,16
161,1,18,9,41,36
162,1,19,1,42,23
163,1,19,2,42,57
164,1,19,3,42,7
165,1,19,4,41,28
166,1,19,5,45,7
167,1,19,6,41,17
168,1,19,7,42,17
169,1,19,8,45,34
170,1,19,9,41,23
171,2,1,1,39,7
172,2,1,2,38,22
173,2,1,3,38,38
174,2,1,4,37,42
175,2,1,5,37,6
176,2,1,6,39,9
177,2,1,7,39,19
178,2,1,8,36,38
179,2,1,9,36,11
180,2,2,1,37,34
181,2,2,2,40,43
182,2,2,3,36,48
183,2,2,4,40,13
184,2,2,5,38,12
185,2,2,6,39,8
186,2,2,7,37,14
187,2,2,8,36,32
188,2,2,9,36,3
189,2,3,1,36,25
190,2,3,2,37,1
191,2,3,3,35,46
192,2,3,4,37,27
193,2,3,5,37,8
194,2,3,6,37,43
195,2,3,7,37,1
196,2,3,8,37,56
197,2,3,9,37,53
198,2,4,1,37,5
199,2,4,2,39,52
200,2,4,3,37,28
201,2,4,4,38,4
202,2,4,5,37,48
203,2,4,6,39,6
204,2,4,7,36,6
205,2,4,8,36,17
206,2,4,9,37,34
207,2,5,1,37,53
208,2,5,2,36,45
209,2,5,3,39,15
210,2,5,4,37,53
211,2,5,5,38,45
212,2,5,6,34,3
213,2,5,7,37,5
214,2,5,8,36,56
215,2,5,9,37,53
216,2,6,1,37,38
217,2,6,2,39,11
218,2,6,3,37,12
219,2,6,4,39,15
220,2,6,5,37,53
221,2,6,6,38,9
222,2,6,7,35,46
223,2,6,8,37,37
224,2,6,9,35,56
225,2,7,1,36,38
226,2,7,2,37,8
227,2,7,3,38,4
228,2,7,4,35,44
229,2,7,5,38,47
230,2,7,6,36,24
231,2,7,7,39,9
232,2,7,8,39,2
233,2,7,9,37,25
234,2,8,1,40,25
235,2,8,2,37,20
236,2,8,3,38,17
237,2,8,4,36,52
238,2,8,5,37,60
239,2,8,6,39,19
240,2,8,7,40,9
241,2,8,8,39,12
242,2,8,9,38,56
243,2,9,1,36,44
244,2,9,2,36,42
245,2,9,3,36,18
246,2,9,4,35,48
247,2,9,5,37,16
248,2,9,6,36,56
249,2,9,7,37,35
250,2,9,8,37,32
251,2,9,9,37,14
252,2,10,1,38,10
253,2,10,2,36,50
254,2,10,3,38,58
255,2,10,4,38,57
256,2,10,5,35,50
257,2,10,6,37,13
258,2,10,7,37,29
259,2,10,8,36,20
260,2,10,9,38,52
261,2,11,1,38,28
262,2,11,2,38,38
263,2,11,3,37,51
264,2,11,4,40,33
265,2,11,5,35,10
266,2,11,6,37,7
267,2,11,7,37,28
268,2,11,8,39,18
269,2,11,9,37,59
270,2,12,1,38,47
271,2,12,2,37,56
272,2,12,3,38,23
273,2,12,4,37,59
274,2,12,5,38,52
275,2,12,6,38,26
276,2,12,7,38,15
277,2,12,8,35,35
278,2,12,9,36,53
279,2,13,1,37,51
280,2,13,2,37,57
281,2,13,3,37,29
282,2,13,4,35,30
283,2,13,5,35,48
284,2,13,6,36,11
285,2,13,7,37,34
286,2,13,8,36,1
287,2,13,9,37,36
288,2,14,1,37,8
289,2,14,2,35,0
290,2,14,3,34,47
291,2,14,4,40,15
292,2,14,5,35,40
293,2,14,6,38,15
294,2,14,7,36,40
295,2,14,8,37,50
296,2,14,9,36,9
297,2,15,1,35,37
298,2,15,2,37,18
299,2,15,3,37,29
300,2,15,4,36,23
301,2,15,5,36,59
302,2,15,6,37,41
303,2,15,7,40,4
304,2,15,8,37,4
305,2,15,9,39,52
306,2,16,1,39,2
307,2,16,2,38,31
308,2,16,3,38,36
309,2,16,4,34,51
310,2,16,5,39,13
311,2,16,6,37,48
312,2,16,7,37,32
313,2,16,8,38,60
314,2,16,9,39,7
315,2,17,1,36,33
316,2,17,2,39,10
317,2,17,3,38,55
318,2,17,4,37,22
319,2,17,5,36,7
320,2,17,6,37,28
321,2,17,7,37,25
322,2,17,8,35,47
323,2,17,9,39,2
324,2,18,1,35,35
325,2,18,2,39,4
326,2,18,3,37,12
327,2,18,4,36,8
328,2,18,5,38,19
329,2,18,6,38,27
330,2,18,7,39,8
331,2,18,8,37,31
332,2,18,9,34,36
333,2,19,1,38,39
334,2,19,2,36,22
335,2,19,3,35,50
336,2,19,4,36,33
337,2,19,5,38,55
338,2,19,6,38,1
339,2,19,7,33,35
340,2,19,8,40,14
341,2,19,9,39,2
342,3,1,1,38,27
343,3,1,2,35,45
344,3,1,3,34,47
345,3,1,4,31,50
346,3,1,5,38,7
347,3,1,6,34,2
348,3,1,7,35,14
349,3,1,8,33,55
350,3,1,9,35,6
351,3,2,1,35,37
352,3,2,2,35,40
353,3,2,3,33,26
354,3,2,4,33,27
355,3,2,5,34,58
356,3,2,6,36,38
357,3,2,7,33,34
358,3,2,8,34,56
359,3,2,9,35,11
360,3,3,1,34,47
361,3,3,2,34,6
362,3,3,3,34,24
363,3,3,4,32,44
364,3,3,5,32,52
365,3,3,6,35,57
366,3,3,7,33,21
367,3,3,8,33,6
368,3,3,9,33,9
369,3,4,1,36,30
370,3,4,2,33,34
371,3,4,3,35,14
372,3,4,4,33,18
373,3,4,5,34,33
374,3,4,6,32,55
375,3,4,7,32,48
376,3,4,8,33,8
377,3,4,9,34,44
378,3,5,1,33,33
379,3,5,2,35,6
380,3,5,3,34,23
381,3,5,4,33,23
382,3,5,5,33,45
383,3,5,6,32,15
384,3,5,7,34,24
385,3,5,8,35,5
386,3,5,9,34,15
387,3,6,1,33,40
388,3,6,2,34,6
389,3,6,3,33,57
390,3,6,4,33,38
391,3,6,5,33,1
392,3,6,6,32,17
393,3,6,7,33,59
394,3,6,8,33,27
395,3,6,9,33,21
396,3,7,1,33,10
397,3,7,2,33,19
398,3,7,3,32,29
399,3,7,4,30,39
400,3,7,5,33,39
401,3,7,6,33,16
402,3,7,7,33,5
403,3,7,8,33,50
404,3,7,9,35,12
405,3,8,1,34,23
406,3,8,2,32,26
407,3,8,3,33,40
408,3,8,4,33,58
409,3,8,5,33,35
410,3,8,6,32,27
411,3,8,7,31,49
412,3,8,8,33,41
413,3,8,9,34,22
414,3,9,1,33,53
415,3,9,2,33,9
416,3,9,3,32,43
417,3,9,4,34,7
418,3,9,5,34,20
419,3,9,6,34,26
420,3,9,7,34,22
421,3,9,8,33,24
422,3,9,9,32,50
423,3,10,1,33,30
424,3,10,2,33,23
425,3,10,3,33,8
426,3,10,4,33,51
427,3,10,5,33,2
428,3,10,6,32,24
429,3,10,7,32,16
430,3,10,8,32,7
431,3,10,9,30,16
432,3,11,1,35,25
433,3,11,2,32,55
434,3,11,3,31,53
435,3,11,4,35,18
436,3,11,5,33,3
437,3,11,6,34,57
438,3,11,7,34,36
439,3,11,8,32,23
440,3,11,9,33,17
441,3,12,1,34,52
442,3,12,2,33,58
443,3,12,3,31,21
444,3,12,4,31,58
445,3,12,5,34,53
446,3,12,6,35,4
447,3,12,7,34,28
448,3,12,8,33,10
449,3,12,9,33,9
450,3,13,1,33,16
451,3,13,2,33,8
452,3,13,3,32,32
453,3,13,4,33,9
454,3,13,5,33,20
455,3,13,6,31,45
456,3,13,7,33,20
457,3,13,8,32,56
458,3,13,9,33,0
459,3,14,1,32,52
460,3,14,2,32,34
461,3,14,3,32,5
462,3,14,4,32,49
463,3,14,5,34,33
464,3,14,6,30,22
465,3,14,7,33,29
466,3,14,8,32,8
467,3,14,9,31,57
468,3,15,1,33,35
469,3,15,2,34,53
470,3,15,3,32,40
471,3,15,4,31,9
472,3,15,5,32,50
473,3,15,6,33,15
474,3,15,7,34,32
475,3,15,8,34,26
476,3,15,9,33,22
477,3,16,1,35,26
478,3,16,2,34,57
479,3,16,3,33,38
480,3,16,4,33,37
481,3,16,5,32,7
482,3,16,6,34,16
483,3,16,7,33,20
484,3,16,8,30,52
485,3,16,9,33,15
486,3,17,1,33,47
487,3,17,2,33,59
488,3,17,3,33,11
489,3,17,4,33,4
490,3,17,5,34,13
491,3,17,6,33,26
492,3,17,7,33,6
493,3,17,8,33,33
494,3,17,9,33,53
495,3,18,1,33,38
496,3,18,2,32,12
497,3,18,3,33,46
498,3,18,4,33,48
499,3,18,5,34,58
500,3,18,6,32,3
501,3,18,7,33,2
502,3,18,8,34,50
503,3,18,9,34,10
504,3,19,1,33,2
505,3,19,2,33,19
506,3,19,3,32,29
507,3,19,4,34,31
508,3,19,5,32,54
509,3,19,6,32,40
510,3,19,7,35,33
511,3,19,8,34,12
512,3,19,9,32,52
513,4,1,1,31,55
514,4,1,2,30,39
515,4,1,3,29,49
516,4,1,4,32,3
517,4,1,5,32,15
518,4,1,6,31,32
519,4,1,7,29,15
520,4,1,8,30,52
521,4,1,9,33,46
522,4,2,1,32,11
523,4,2,2,32,59
524,4,2,3,30,14
525,4,2,4,31,25
526,4,2,5,30,6
527,4,2,6,29,15
528,4,2,7,28,56
529,4,2,8,32,49
530,4,2,9,31,4
531,4,3,1,29,32
532,4,3,2,29,5
533,4,3,3,29,2
534,4,3,4,30,34
535,4,3,5,30,26
536,4,3,6,27,49
537,4,3,7,29,10
538,4,3,8,29,29
539,4,3,9,31,17
540,4,4,1,28,6
541,4,4,2,28,52
542,4,4,3,29,1
543,4,4,4,29,22
544,4,4,5,27,27
545,4,4,6,29,20
546,4,4,7,26,59
547,4,4,8,28,24
548,4,4,9,29,43
549,4,5,1,27,53
550,4,5,2,29,14
551,4,5,3,28,48
552,4,5,4,28,10
553,4,5,5,28,54
554,4,5,6,28,2
555,4,5,7,28,58
556,4,5,8,28,48
557,4,5,9,28,50
558,4,6,1,29,2
559,4,6,2,28,34
560,4,6,3,29,58
561,4,6,4,30,36
562,4,6,5,28,42
563,4,6,6,28,29
564,4,6,7,29,41
565,4,6,8,28,21
566,4,6,9,27,13
567,4,7,1,29,41
568,4,7,2,28,41
569,4,7,3,28,27
570,4,7,4,29,35
571,4,7,5,28,13
572,4,7,6,29,6
573,4,7,7,28,34
574,4,7,8,28,54
575,4,7,9,28,27
576,4,8,1,29,59
577,4,8,2,28,43
578,4,8,3,30,28
579,4,8,4,30,25
580,4,8,5,28,23
581,4,8,6,31,36
582,4,8,7,27,59
583,4,8,8,29,17
584,4,8,9,28,29
585,4,9,1,28,58
586,4,9,2,29,27
587,4,9,3,28,51
588,4,9,4,27,9
589,4,9,5,27,39
590,4,9,6,30,7
591,4,9,7,29,28
592,4,9,8,29,48
593,4,9,9,29,10
594,4,10,1,28,59
595,4,10,2,28,60
596,4,10,3,30,11
597,4,10,4,28,28
598,4,10,5,29,33
599,4,10,6,28,20
600,4,10,7,27,54
601,4,10,8,30,49
602,4,10,9,30,3
603,4,11,1,30,58
604,4,11,2,30,3
605,4,11,3,28,0
606,4,11,4,27,32
607,4,11,5,28,41
608,4,11,6,27,13
609,4,11,7,30,6
610,4,11,8,27,59
611,4,11,9,28,46
612,4,12,1,28,42
613,4,12,2,28,51
614,4,12,3,29,6
615,4,12,4,28,8
616,4,12,5,27,42
617,4,12,6,29,48
618,4,12,7,29,42
619,4,12,8,29,1
620,4,12,9,28,39
621,4,13,1,27,42
622,4,13,2,28,31
623,4,13,3,28,41
624,4,13,4,28,24
625,4,13,5,28,14
626,4,13,6,29,14
627,4,13,7,29,57
628,4,13,8,28,20
629,4,13,9,28,57
630,4,14,1,30,42
631,4,14,2,28,29
632,4,14,3,30,9
633,4,14,4,28,40
634,4,14,5,28,46
635,4,14,6,29,48
636,4,14,7,27,35
637,4,14,8,29,29
638,4,14,9,28,34
639,4,15,1,29,45
640,4,15,2,29,9
641,4,15,3,29,3
642,4,15,4,28,52
643,4,15,5,29,54
644,4,15,6,28,42
645,4,15,7,29,54
646,4,15,8,28,7
647,4,15,9,28,26
648,4,16,1,29,7
649,4,16,2,29,8
650,4,16,3,28,17
651,4,16,4,30,19
652,4,16,5,30,9
653,4,16,6,28,34
654,4,16,7,29,10
655,4,16,8,28,59
656,4,16,9,29,20
657,4,17,1,28,18
658,4,17,2,30,14
659,4,17,3,29,44
660,4,17,4,28,17
661,4,17,5,29,49
662,4,17,6,25,43
663,4,17,7,30,60
664,4,17,8,28,26
665,4,17,9,28,43
666,4,18,1,29,36
667,4,18,2,27,42
668,4,18,3,29,9
669,4,18,4,29,21
670,4,18,5,28,56
671,4,18,6,27,40
672,4,18,7,27,43
673,4,18,8,28,27
674,4,18,9,26,13
675,4,19,1,29,56
676,4,19,2,28,45
677,4,19,3,30,13
678,4,19,4,27,40
679,4,19,5,28,11
680,4,19,6,28,57
681,4,19,7,28,45
682,4,19,8,31,18
683,4,19,9,28,26
684,5,1,1,24,42
685,5,1,2,25,41
686,5,1,3,26,0
687,5,1,4,26,43
688,5,1,5,27,2
689,5,1,6,29,11
690,5,1,7,26,21
691,5,1,8,28,38
692,5,1,9,27,17
693,5,2,1,27,40
694,5,2,2,29,31
695,5,2,3,26,25
696,5,2,4,28,18
697,5,2,5,29,5
698,5,2,6,26,41
699,5,2,7,27,35
700,5,2,8,27,5
701,5,2,9,26,34
702,5,3,1,26,42
703,5,3,2,26,8
704,5,3,3,28,3
705,5,3,4,25,48
706,5,3,5,26,26
707,5,3,6,28,31
708,5,3,7,25,41
709,5,3,8,24,29
710,5,3,9,29,15
711,5,4,1,29,2
712,5,4,2,26,26
713,5,4,3,24,44
714,5,4,4,23,41
715,5,4,5,24,40
716,5,4,6,25,34
717,5,4,7,23,33
718,5,4,8,24,60
719,5,4,9,26,46
720,5,5,1,26,12
721,5,5,2,25,23
722,5,5,3,23,26
723,5,5,4,25,41
724,5,5,5,24,45
725,5,5,6,25,52
726,5,5,7,24,32
727,5,5,8,24,58
728,5,5,9,24,19
729,5,6,1,25,20
730,5,6,2,24,0
731,5,6,3,25,45
732,5,6,4,24,56
733,5,6,5,23,36
734,5,6,6,26,14
735,5,6,7,23,46
736,5,6,8,27,15
737,5,6,9,25,12
738,5,7,1,24,26
739,5,7,2,24,44
740,5,7,3,25,10
741,5,7,4,25,37
742,5,7,5,24,2
743,5,7,6,24,55
744,5,7,7,24,17
745,5,7,8,24,10
746,5,7,9,24,45
747,5,8,1,23,38
748,5,8,2,25,15
749,5,8,3,26,12
750,5,8,4,25,57
751,5,8,5,25,12
752,5,8,6,26,16
753,5,8,7,27,13
754,5,8,8,22,51
755,5,8,9,24,11
756,5,9,1,25,55
757,5,9,2,24,11
758,5,9,3,25,25
759,5,9,4,26,42
760,5,9,5,25,4
761,5,9,6,24,33
762,5,9,7,25,5
763,5,9,8,25,44
764,5,9,9,24,45
765,5,10,1,26,24
766,5,10,2,25,37
767,5,10,3,23,43
768,5,10,4,24,40
769,5,10,5,26,13
770,5,10,6,24,49
771,5,10,7,24,25
772,5,10,8,24,15
773,5,10,9,25,56
774,5,11,1,23,49
775,5,11,2,24,51
776,5,11,3,24,20
777,5,11,4,25,17
778,5,11,5,25,19
779,5,11,6,26,6
780,5,11,7,26,36
781,5,11,8,24,2
782,5,11,9,25,35
783,5,12,1,24,0
784,5,12,2,24,24
785,5,12,3,24,33
786,5,12,4,23,49
787,5,12,5,24,52
788,5,12,6,24,47
789,5,12,7,24,32
790,5,12,8,24,8
791,5,12,9,24,24
792,5,13,1,23,49
793,5,13,2,26,30
794,5,13,3,25,18
795,5,13,4,24,57
796,5,13,5,25,17
797,5,13,6,23,51
798,5,13,7,25,54
799,5,13,8,24,30
800,5,13,9,23,19
801,5,14,1,23,17
802,5,14,2,25,41
803,5,14,3,23,52
804,5,14,4,26,16
805,5,14,5,25,47
806,5,14,6,25,13
807,5,14,7,26,28
808,5,14,8,24,35
809,5,14,9,24,9
810,5,15,1,24,55
811,5,15,2,24,32
812,5,15,3,23,24
813,5,15,4,25,3
814,5,15,5,25,17
815,5,15,6,25,14
816,5,15,7,26,43
817,5,15,8,23,47
818,5,15,9,22,54
819,5,16,1,25,28
820,5,16,2,25,25
821,5,16,3,25,35
822,5,16,4,23,24
823,5,16,5,25,19
824,5,16,6,25,7
825,5,16,7,24,20
826,5,16,8,25,38
827,5,16,9,22,48
828,5,17,1,25,32
829,5,17,2,25,5
830,5,17,3,24,39
831,5,17,4,25,35
832,5,17,5,25,41
833,5,17,6,24,27
834,5,17,7,25,1
835,5,17,8,23,44
836,5,17,9,25,1
837,5,18,1,25,34
838,5,18,2,25,33
839,5,18,3,23,34
840,5,18,4,24,1
841,5,18,5,23,27
842,5,18,6,23,28
843,5,18,7,24,9
844,5,18,8,24,56
845,5,18,9,25,15
846,5,19,1,24,7
847,5,19,2,24,45
848,5,19,3,24,28
849,5,19,4,24,18
850,5,19,5,25,48
851,5,19,6,24,49
852,5,19,7,25,21
853,5,19,8,23,18
854,5,19,9,26,49
855,6,1,1,24,20
856,6,1,2,23,53
857,6,1,3,25,1
858,6,1,4,21,36
859,6,1,5,23,7
860,6,1,6,25,0
861,6,1,7,23,10
862,6,1,8,20,26
863,6,1,9,24,55
864,6,2,1,24,37
865,6,2,2,26,58
866,6,2,3,24,4
867,6,2,4,24,25
868,6,2,5,21,49
869,6,2,6,24,45
870,6,2,7,27,12
871,6,2,8,23,10
872,6,2,9,24,58
873,6,3,1,23,34
874,6,3,2,22,33
875,6,3,3,24,44
876,6,3,4,23,38
877,6,3,5,26,7
878,6,3,6,25,57
879,6,3,7,23,26
880,6,3,8,21,28
881,6,3,9,22,2
882,6,4,1,18,56
883,6,4,2,22,58
884,6,4,3,21,37
885,6,4,4,22,26
886,6,4,5,23,29
887,6,4,6,22,19
888,6,4,7,21,44
889,6,4,8,22,47
890,6,4,9,23,6
891,6,5,1,18,59
892,6,5,2,21,17
893,6,5,3,20,51
894,6,5,4,20,27
895,6,5,5,20,39
896,6,5,6,20,30
897,6,5,7,21,48
898,6,5,8,21,57
899,6,5,9,20,35
900,6,6,1,20,58
901,6,6,2,20,21
902,6,6,3,19,42
903,6,6,4,21,27
904,6,6,5,21,40
905,6,6,6,21,15
906,6,6,7,19,32
907,6,6,8,21,54
908,6,6,9,20,55
909,6,7,1,22,45
910,6,7,2,19,37
911,6,7,3,21,20
912,6,7,4,19,50
913,6,7,5,21,33
914,6,7,6,20,17
915,6,7,7,19,19
916,6,7,8,20,46
917,6,7,9,20,37
918,6,8,1,21,25
919,6,8,2,20,2
920,6,8,3,20,50
921,6,8,4,19,58
922,6,8,5,20,26
923,6,8,6,19,7
924,6,8,7,19,18
925,6,8,8,22,15
926,6,8,9,20,29
927,6,9,1,20,36
928,6,9,2,21,59
929,6,9,3,19,34
930,6,9,4,21,2
931,6,9,5,18,8
932,6,9,6,19,15
933,6,9,7,21,48
934,6,9,8,20,19
935,6,9,9,21,45
936,6,10,1,19,15
937,6,10,2,19,21
938,6,10,3,21,13
939,6,10,4,22,30
940,6,10,5,21,9
941,6,10,6,19,5
942,6,10,7,21,39
943,6,10,8,20,7
944,6,10,9,21,16
945,6,11,1,20,33
946,6,11,2,21,55
947,6,11,3,20,30
948,6,11,4,20,52
949,6,11,5,21,2
950,6,11,6,20,36
951,6,11,7,20,6
952,6,11,8,19,26
953,6,11,9,21,24
954,6,12,1,20,31
955,6,12,2,18,36
956,6,12,3,22,6
957,6,12,4,20,14
958,6,12,5,21,7
959,6,12,6,20,25
960,6,12,7,20,31
961,6,12,8,21,9
962,6,12,9,21,9
963,6,13,1,19,35
964,6,13,2,21,32
965,6,13,3,20,53
966,6,13,4,19,12
967,6,13,5,22,32
968,6,13,6,20,24
969,6,13,7,20,2
970,6,13,8,21,13
971,6,13,9,19,38
972,6,14,1,20,52
973,6,14,2,19,46
974,6,14,3,21,19
975,6,14,4,21,1
976,6,14,5,21,5
977,6,14,6,20,24
978,6,14,7,20,33
979,6,14,8,21,1
980,6,14,9,21,7
981,6,15,1,19,56
982,6,15,2,21,0
983,6,15,3,20,44
984,6,15,4,21,5
985,6,15,5,18,60
986,6,15,6,21,12
987,6,15,7,21,57
988,6,15,8,19,19
989,6,15,9,20,52
990,6,16,1,19,38
991,6,16,2,20,14
992,6,16,3,20,49
993,6,16,4,21,29
994,6,16,5,20,14
995,6,16,6,20,39
996,6,16,7,19,55
997,6,16,8,19,37
998,6,16,9,19,43
999,6,17,1,18,57
1000,6,17,2,19,40
1001,6,17,3,21,55
1002,6,17,4,20,17
1003,6,17,5,21,42
1004,6,17,6,21,5
1005,6,17,7,20,1
1006,6,17,8,20,53
1007,6,17,9,18,59
1008,6,18,1,20,43
1009,6,18,2,19,57
1010,6,18,3,19,0
1011,6,18,4,21,12
1012,6,18,5,19,47
1013,6,18,6,21,5
1014,6,18,7,18,25
1015,6,18,8,21,21
1016,6,18,9,18,33
1017,6,19,1,20,13
1018,6,19,2,21,12
1019,6,19,3,21,10
1020,6,19,4,20,45
1021,6,19,5,20,9
1022,6,19,6,21,59
1023,6,19,7,20,21
1024,6,19,8,19,11
1025,6,19,9,19,10
1026,7,1,1,17,59
1027,7,1,2,18,32
1028,7,1,3,19,9
1029,7,1,4,18,23
1030,7,1,5,20,12
1031,7,1,6,19,42
1032,7,1,7,18,27
1033,7,1,8,19,0
1034,7,1,9,19,36
1035,7,2,1,22,8
1036,7,2,2,20,34
1037,7,2,3,20,54
1038,7,2,4,20,46
1039,7,2,5,18,27
1040,7,2,6,20,50
1041,7,2,7,20,6
1042,7,2,8,20,27
1043,7,2,9,20,48
1044,7,3,1,18,42
1045,7,3,2,21,41
1046,7,3,3,19,45
1047,7,3,4,20,50
1048,7,3,5,19,24
1049,7,3,6,19,30
1050,7,3,7,19,20
1051,7,3,8,19,25
1052,7,3,9,19,32
1053,7,4,1,20,27
1054,7,4,2,18,12
1055,7,4,3,16,19
1056,7,4,4,19,57
1057,7,4,5,19,9
1058,7,4,6,19,49
1059,7,4,7,19,7
1060,7,4,8,21,3
1061,7,4,9,18,3
1062,7,5,1,17,41
1063,7,5,2,18,24
1064,7,5,3,17,16
1065,7,5,4,16,43
1066,7,5,5,15,41
1067,7,5,6,17,15
1068,7,5,7,17,18
1069,7,5,8,18,23
1070,7,5,9,21,5
1071,7,6,1,17,7
1072,7,6,2,16,13
1073,7,6,3,17,19
1074,7,6,4,17,9
1075,7,6,5,17,24
1076,7,6,6,17,3
1077,7,6,7,16,27
1078,7,6,8,16,16
1079,7,6,9,16,44
1080,7,7,1,15,15
1081,7,7,2,16,34
1082,7,7,3,15,57
1083,7,7,4,15,34
1084,7,7,5,18,50
1085,7,7,6,15,45
1086,7,7,7,15,52
1087,7,7,8,16,37
1088,7,7,9,17,5
1089,7,8,1,16,58
1090,7,8,2,18,11
1091,7,8,3,15,26
1092,7,8,4,16,41
1093,7,8,5,15,42
1094,7,8,6,15,59
1095,7,8,7,16,15
1096,7,8,8,16,10
1097,7,8,9,17,32
1098,7,9,1,15,30
1099,7,9,2,17,10
1100,7,9,3,15,49
1101,7,9,4,16,48
1102,7,9,5,17,49
1103,7,9,6,14,55
1104,7,9,7,16,60
1105,7,9,8,18,13
1106,7,9,9,15,39
1107,7,10,1,14,45
1108,7,10,2,17,34
1109,7,10,3,17,25
1110,7,10,4,15,59
1111,7,10,5,17,12
1112,7,10,6,16,55
1113,7,10,7,18,23
1114,7,10,8,17,13
1115,7,10,9,17,42
1116,7,11,1,16,8
1117,7,11,2,14,34
1118,7,11,3,16,0
1119,7,11,4,15,54
1120,7,11,5,16,16
1121,7,11,6,16,48
1122,7,11,7,16,4
1123,7,11,8,17,0
1124,7,11,9,16,55
1125,7,12,1,16,8
1126,7,12,2,16,3
1127,7,12,3,16,33
1128,7,12,4,16,7
1129,7,12,5,16,36
1130,7,12,6,16,36
1131,7,12,7,16,50
1132,7,12,8,16,27
1133,7,12,9,15,16
1134,7,13,1,16,38
1135,7,13,2,14,50
1136,7,13,3,16,10
1137,7,13,4,17,32
1138,7,13,5,15,18
1139,7,13,6,14,58
1140,7,13,7,17,49
1141,7,13,8,17,29
1142,7,13,9,16,39
1143,7,14,1,16,10
1144,7,14,2,14,60
1145,7,14,3,16,55
1146,7,14,4,16,55
1147,7,14,5,17,22
1148,7,14,6,15,34
1149,7,14,7,14,58
1150,7,14,8,15,36
1151,7,14,9,16,13
1152,7,15,1,16,32
1153,7,15,2,16,29
1154,7,15,3,15,1
1155,7,15,4,15,38
1156,7,15,5,15,34
1157,7,15,6,16,39
1158,7,15,7,16,25
1159,7,15,8,18,11
1160,7,15,9,17,20
1161,7,16,1,16,59
1162,7,16,2,15,40
1163,7,16,3,15,34
1164,7,16,4,15,30
1165,7,16,5,15,47
1166,7,16,6,16,50
1167,7,16,7,14,55
1168,7,16,8,16,6
1169,7,16,9,17,3
1170,7,17,1,17,12
1171,7,17,2,15,59
1172,7,17,3,16,17
1173,7,17,4,15,39
1174,7,17,5,15,8
1175,7,17,6,16,45
1176,7,17,7,16,30
1177,7,17,8,16,3
1178,7,17,9,15,3
1179,7,18,1,16,13
1180,7,18,2,17,11
1181,7,18,3,16,16
1182,7,18,4,17,11
1183,7,18,5,14,12
1184,7,18,6,17,34
1185,7,18,7,17,38
1186,7,18,8,15,54
1187,7,18,9,17,5
1188,7,19,1,17,14
1189,7,19,2,16,19
1190,7,19,3,17,52
1191,7,19,4,17,2
1192,7,19,5,16,1
1193,7,19,6,15,18
1194,7,19,7,16,9
1195,7,19,8,17,35
1196,7,19,9,15,52
1197,8,1,1,14,59
1198,8,1,2,16,21
1199,8,1,3,13,18
1200,8,1,4,17,5
1201,8,1,5,15,54
1202,8,1,6,14,8
1203,8,1,7,14,43
1204,8,1,8,14,39
1205,8,1,9,14,48
1206,8,2,1,15,47
1207,8,2,2,14,1
1208,8,2,3,16,18
1209,8,2,4,17,3
1210,8,2,5,14,33
1211,8,2,6,17,15
1212,8,2,7,12,58
1213,8,2,8,15,16
1214,8,2,9,15,1
1215,8,3,1,16,38
1216,8,3,2,14,51
1217,8,3,3,17,25
1218,8,3,4,17,58
1219,8,3,5,16,50
1220,8,3,6,14,55
1221,8,3,7,16,43
1222,8,3,8,16,14
1223,8,3,9,18,27
1224,8,4,1,14,45
1225,8,4,2,15,54
1226,8,4,3,17,37
1227,8,4,4,17,5
1228,8,4,5,15,56
1229,8,4,6,16,15
1230,8,4,7,17,8
1231,8,4,8,16,33
1232,8,4,9,15,36
1233,8,5,1,14,36
1234,8,5,2,15,0
1235,8,5,3,15,7
1236,8,5,4,14,8
1237,8,5,5,14,21
1238,8,5,6,15,45
1239,8,5,7,13,38
1240,8,5,8,15,44
1241,8,5,9,13,56
1242,8,6,1,14,27
1243,8,6,2,13,33
1244,8,6,3,13,38
1245,8,6,4,13,5
1246,8,6,5,12,11
1247,8,6,6,14,40
1248,8,6,7,12,31
1249,8,6,8,14,36
1250,8,6,9,13,40
1251,8,7,1,12,24
1252,8,7,2,12,27
1253,8,7,3,12,6
1254,8,7,4,13,10
1255,8,7,5,10,41
1256,8,7,6,12,6
1257,8,7,7,13,9
1258,8,7,8,11,42
1259,8,7,9,13,22
1260,8,8,1,13,16
1261,8,8,2,12,45
1262,8,8,3,12,14
1263,8,8,4,12,37
1264,8,8,5,12,39
1265,8,8,6,12,8
1266,8,8,7,11,4
1267,8,8,8,11,44
1268,8,8,9,12,11
1269,8,9,1,13,10
1270,8,9,2,12,30
1271,8,9,3,11,2
1272,8,9,4,12,40
1273,8,9,5,11,53
1274,8,9,6,13,26
1275,8,9,7,9,48
1276,8,9,8,11,34
1277,8,9,9,11,40
1278,8,10,1,13,6
1279,8,10,2,11,54
1280,8,10,3,13,33
1281,8,10,4,11,3
1282,8,10,5,12,43
1283,8,10,6,12,53
1284,8,10,7,11,39
1285,8,10,8,11,26
1286,8,10,9,12,24
1287,8,11,1,12,12
1288,8,11,2,10,33
1289,8,11,3,12,6
1290,8,11,4,11,17
1291,8,11,5,11,30
1292,8,11,6,11,59
1293,8,11,7,10,49
1294,8,11,8,11,30
1295,8,11,9,12,2
1296,8,12,1,12,3
1297,8,12,2,11,42
1298,8,12,3,13,35
1299,8,12,4,12,31
1300,8,12,5,12,26
1301,8,12,6,11,38
1302,8,12,7,11,5
1303,8,12,8,11,4
1304,8,12,9,13,20
1305,8,13,1,10,7
1306,8,13,2,11,34
1307,8,13,3,11,5
1308,8,13,4,12,5
1309,8,13,5,11,55
1310,8,13,6,11,32
1311,8,13,7,11,60
1312,8,13,8,12,5
1313,8,13,9,12,8
1314,8,14,1,11,30
1315,8,14,2,13,15
1316,8,14,3,11,0
1317,8,14,4,11,39
1318,8,14,5,12,2
1319,8,14,6,11,20
1320,8,14,7,12,27
1321,8,14,8,12,25
1322,8,14,9,10,28
1323,8,15,1,12,53
1324,8,15,2,11,33
1325,8,15,3,12,39
1326,8,15,4,11,14
1327,8,15,5,11,47
1328,8,15,6,10,30
1329,8,15,7,11,5
1330,8,15,8,12,6
1331,8,15,9,12,1
1332,8,16,1,10,27
1333,8,16,2,11,28
1334,8,16,3,11,7
1335,8,16,4,10,35
1336,8,16,5,13,20
1337,8,16,6,11,16
1338,8,16,7,12,24
1339,8,16,8,11,12
1340,8,16,9,11,41
1341,8,17,1,11,40
1342,8,17,2,11,54
1343,8,17,3,12,59
1344,8,17,4,12,12
1345,8,17,5,13,8
1346,8,17,6,10,43
1347,8,17,7,11,31
1348,8,17,8,11,45
1349,8,17,9,12,7
1350,8,18,1,11,2
1351,8,18,2,11,33
1352,8,18,3,12,19
1353,8,18,4,10,46
1354,8,18,5,11,19
1355,8,18,6,10,57
1356,8,18,7,10,35
1357,8,18,8,13,2
1358,8,18,9,12,6
1359,8,19,1,11,25
1360,8,19,2,11,30
1361,8,19,3,11,59
1362,8,19,4,10,52
1363,8,19,5,10,19
1364,8,19,6,11,49
1365,8,19,7,13,4
1366,8,19,8,11,38
1367,8,19,9,12,10
1368,9,1,1,12,9
1369,9,1,2,10,19
1370,9,1,3,12,59
1371,9,1,4,10,36
1372,9,1,5,9,14
1373,9,1,6,10,49
1374,9,1,7,12,7
1375,9,1,8,8,54
1376,9,1,9,12,23
1377,9,2,1,14,23
1378,9,2,2,10,30
1379,9,2,3,13,23
1380,9,2,4,12,47
1381,9,2,5,12,22
1382,9,2,6,13,13
1383,9,2,7,14,26
1384,9,2,8,13,32
1385,9,2,9,13,2
1386,9,3,1,13,1
1387,9,3,2,12,40
1388,9,3,3,11,40
1389,9,3,4,12,36
1390,9,3,5,13,42
1391,9,3,6,12,23
1392,9,3,7,13,6
1393,9,3,8,13,49
1394,9,3,9,13,33
1395,9,4,1,12,52
1396,9,4,2,12,35
1397,9,4,3,13,33
1398,9,4,4,11,55
1399,9,4,5,13,26
1400,9,4,6,12,39
1401,9,4,7,11,19
1402,9,4,8,12,7
1403,9,4,9,14,16
1404,9,5,1,10,41
1405,9,5,2,9,33
1406,9,5,3,12,2
1407,9,5,4,9,16
1408,9,5,5,10,50
1409,9,5,6,11,9
1410,9,5,7,11,14
1411,9,5,8,10,32
1412,9,5,9,12,45
1413,9,6,1,9,0
1414,9,6,2,9,49
1415,9,6,3,9,57
1416,9,6,4,9,49
1417,9,6,5,8,11
1418,9,6,6,10,4
1419,9,6,7,9,35
1420,9,6,8,10,44
1421,9,6,9,10,3
1422,9,7,1,11,10
1423,9,7,2,10,53
1424,9,7,3,7,43
1425,9,7,4,8,41
1426,9,7,5,9,42
1427,9,7,6,9,32
1428,9,7,7,9,34
1429,9,7,8,8,33
1430,9,7,9,9,0
1431,9,8,1,8,52
1432,9,8,2,7,58
1433,9,8,3,8,12
1434,9,8,4,9,45
1435,9,8,5,7,38
1436,9,8,6,7,44
1437,9,8,7,8,15
1438,9,8,8,6,52
1439,9,8,9,6,50
1440,9,9,1,7,3
1441,9,9,2,7,37
1442,9,9,3,7,55
1443,9,9,4,5,59
1444,9,9,5,8,2
1445,9,9,6,8,37
1446,9,9,7,8,18
1447,9,9,8,7,45
1448,9,9,9,8,17
1449,9,10,1,7,52
1450,9,10,2,7,6
1451,9,10,3,6,42
1452,9,10,4,7,39
1453,9,10,5,7,23
1454,9,10,6,7,10
1455,9,10,7,7,43
1456,9,10,8,8,31
1457,9,10,9,8,56
1458,9,11,1,8,49
1459,9,11,2,7,37
1460,9,11,3,6,16
1461,9,11,4,8,54
1462,9,11,5,8,35
1463,9,11,6,9,27
1464,9,11,7,7,3
1465,9,11,8,6,23
1466,9,11,9,8,50
1467,9,12,1,7,20
1468,9,12,2,7,5
1469,9,12,3,6,43
1470,9,12,4,5,23
1471,9,12,5,7,36
1472,9,12,6,7,40
1473,9,12,7,7,54
1474,9,12,8,8,17
1475,9,12,9,7,41
1476,9,13,1,5,58
1477,9,13,2,5,58
1478,9,13,3,7,57
1479,9,13,4,6,46
1480,9,13,5,8,39
1481,9,13,6,8,16
1482,9,13,7,8,4
1483,9,13,8,6,30
1484,9,13,9,8,26
1485,9,14,1,7,23
1486,9,14,2,6,38
1487,9,14,3,7,14
1488,9,14,4,6,50
1489,9,14,5,7,16
1490,9,14,6,7,54
1491,9,14,7,7,58
1492,9,14,8,8,29
1493,9,14,9,7,39
1494,9,15,1,8,0
1495,9,15,2,7,31
1496,9,15,3,6,24
1497,9,15,4,8,3
1498,9,15,5,8,20
1499,9,15,6,7,42
1500,9,15,7,6,30
1501,9,15,8,8,17
1502,9,15,9,7,18
1503,9,16,1,8,26
1504,9,16,2,7,38
1505,9,16,3,7,48
1506,9,16,4,9,56
1507,9,16,5,7,3
1508,9,16,6,7,44
1509,9,16,7,10,13
1510,9,16,8,8,4
1511,9,16,9,7,40
1512,9,17,1,6,23
1513,9,17,2,9,54
1514,9,17,3,7,53
1515,9,17,4,7,52
1516,9,17,5,6,48
1517,9,17,6,7,46
1518,9,17,7,8,48
1519,9,17,8,6,24
1520,9,17,9,7,31
1521,9,18,1,6,11
1522,9,18,2,7,22
1523,9,18,3,9,48
1524,9,18,4,8,49
1525,9,18,5,9,6
1526,9,18,6,7,11
1527,9,18,7,8,24
1528,9,18,8,7,37
1529,9,18,9,7,17
1530,9,19,1,8,59
1531,9,19,2,6,58
1532,9,19,3,6,45
1533,9,19,4,8,43
1534,9,19,5,8,0
1535,9,19,6,8,27
1536,9,19,7,7,24
1537,9,19,8,7,21
1538,9,19,9,6,30
1539,10,1,1,6,56
1540,10,1,2,7,16
1541,10,1,3,8,6
1542,10,1,4,7,5
1543,10,1,5,6,52
1544,10,1,6,7,8
1545,10,1,7,6,39
1546,10,1,8,6,35
1547,10,1,9,7,29
1548,10,2,1,9,35
1549,10,2,2,10,36
1550,10,2,3,8,28
1551,10,2,4,8,48
1552,10,2,5,10,6
1553,10,2,6,8,52
1554,10,2,7,9,56
1555,10,2,8,9,40
1556,10,2,9,10,34
1557,10,3,1,10,36
1558,10,3,2,10,4
1559,10,3,3,9,42
1560,10,3,4,11,8
1561,10,3,5,10,46
1562,10,3,6,10,33
1563,10,3,7,10,24
1564,10,3,8,11,5
1565,10,3,9,10,52
1566,10,4,1,10,45
1567,10,4,2,10,34
1568,10,4,3,11,25
1569,10,4,4,7,54
1570,10,4,5,11,7
1571,10,4,6,8,39
1572,10,4,7,10,22
1573,10,4,8,11,44
1574,10,4,9,11,52
1575,10,5,1,8,54
1576,10,5,2,10,27
1577,10,5,3,8,5
1578,10,5,4,7,27
1579,10,5,5,9,21
1580,10,5,6,9,9
1581,10,5,7,10,10
1582,10,5,8,10,17
1583,10,5,9,10,29
1584,10,6,1,8,52
1585,10,6,2,8,51
1586,10,6,3,6,46
1587,10,6,4,7,5
1588,10,6,5,8,23
1589,10,6,6,6,36
1590,10,6,7,5,0
1591,10,6,8,8,33
1592,10,6,9,7,19
1593,10,7,1,5,27
1594,10,7,2,6,18
1595,10,7,3,5,31
1596,10,7,4,6,42
1597,10,7,5,5,16
1598,10,7,6,5,5
1599,10,7,7,8,5
1600,10,7,8,6,22
1601,10,7,9,6,24
1602,10,8,1,4,35
1603,10,8,2,5,5
1604,10,8,3,4,27
1605,10,8,4,4,31
1606,10,8,5,4,32
1607,10,8,6,3,47
1608,10,8,7,5,29
1609,10,8,8,4,54
1610,10,8,9,5,22
1611,10,9,1,4,16
1612,10,9,2,4,17
1613,10,9,3,4,13
1614,10,9,4,3,39
1615,10,9,5,3,45
1616,10,9,6,4,39
1617,10,9,7,4,14
1618,10,9,8,4,55
1619,10,9,9,4,29
1620,10,10,1,4,12
1621,10,10,2,3,59
1622,10,10,3,4,23
1623,10,10,4,3,43
1624,10,10,5,5,26
1625,10,10,6,4,44
1626,10,10,7,4,14
1627,10,10,8,3,38
1628,10,10,9,3,57
1629,10,11,1,5,23
1630,10,11,2,4,24
1631,10,11,3,3,55
1632,10,11,4,3,57
1633,10,11,5,4,18
1634,10,11,6,3,36
1635,10,11,7,4,53
1636,10,11,8,4,30
1637,10,11,9,4,11
1638,10,12,1,4,36
1639,10,12,2,3,48
1640,10,12,3,5,27
1641,10,12,4,4,31
1642,10,12,5,4,57
1643,10,12,6,4,38
1644,10,12,7,4,17
1645,10,12,8,3,55
1646,10,12,9,4,33
1647,10,13,1,3,57
1648,10,13,2,4,16
1649,10,13,3,3,52
1650,10,13,4,3,40
1651,10,13,5,4,20
1652,10,13,6,4,12
1653,10,13,7,3,47
1654,10,13,8,4,6
1655,10,13,9,4,16
1656,10,14,1,4,39
1657,10,14,2,3,37
1658,10,14,3,3,38
1659,10,14,4,3,57
1660,10,14,5,4,7
1661,10,14,6,4,29
1662,10,14,7,4,0
1663,10,14,8,5,29
1664,10,14,9,4,36
1665,10,15,1,3,42
1666,10,15,2,4,3
1667,10,15,3,3,46
1668,10,15,4,4,12
1669,10,15,5,4,41
1670,10,15,6,4,7
1671,10,15,7,3,46
1672,10,15,8,3,58
1673,10,15,9,3,53
1674,10,16,1,4,41
1675,10,16,2,3,45
1676,10,16,3,4,7
1677,10,16,4,3,54
1678,10,16,5,3,59
1679,10,16,6,4,4
1680,10,16,7,4,1
1681,10,16,8,4,20
1682,10,16,9,4,30
1683,10,17,1,4,13
1684,10,17,2,3,38
1685,10,17,3,4,11
1686,10,17,4,4,27
1687,10,17,5,4,4
1688,10,17,6,5,17
1689,10,17,7,4,4
1690,10,17,8,4,56
1691,10,17,9,4,4
1692,10,18,1,3,57
1693,10,18,2,4,43
1694,10,18,3,4,6
1695,10,18,4,3,52
1696,10,18,5,5,53
1697,10,18,6,4,36
1698,10,18,7,4,2
1699,10,18,8,3,35
1700,10,18,9,4,2
1701,10,19,1,3,45
1702,10,19,2,4,21
1703,10,19,3,3,53
1704,10,19,4,3,41
1705,10,19,5,4,22
1706,10,19,6,4,19
1707,10,19,7,4,8
1708,10,19,8,4,4
1709,10,19,9,5,13
1710,11,1,1,6,25
1711,11,1,2,6,38
1712,11,1,3,7,14
1713,11,1,4,6,57
1714,11,1,5,6,3
1715,11,1,6,6,42
1716,11,1,7,7,15
1717,11,1,8,6,43
1718,11,1,9,5,54
1719,11,2,1,10,11
1720,11,2,2,8,56
1721,11,2,3,7,47
1722,11,2,4,8,29
1723,11,2,5,8,43
1724,11,2,6,9,19
1725,11,2,7,8,30
1726,11,2,8,8,48
1727,11,2,9,9,1
1728,11,3,1,9,33
1729,11,3,2,9,57
1730,11,3,3,10,40
1731,11,3,4,9,53
1732,11,3,5,8,34
1733,11,3,6,9,5
1734,11,3,7,9,46
1735,11,3,8,9,30
1736,11,3,9,10,30
1737,11,4,1,10,38
1738,11,4,2,10,13
1739,11,4,3,10,2
1740,11,4,4,10,43
1741,11,4,5,11,13
1742,11,4,6,9,24
1743,11,4,7,10,20
1744,11,4,8,11,6
1745,11,4,9,9,23
1746,11,5,1,7,53
1747,11,5,2,9,9
1748,11,5,3,8,50
1749,11,5,4,7,50
1750,11,5,5,8,45
1751,11,5,6,8,2
1752,11,5,7,8,8
1753,11,5,8,8,34
1754,11,5,9,8,35
1755,11,6,1,7,28
1756,11,6,2,6,51
1757,11,6,3,6,9
1758,11,6,4,6,18
1759,11,6,5,7,42
1760,11,6,6,7,7
1761,11,6,7,8,20
1762,11,6,8,7,15
1763,11,6,9,7,19
1764,11,7,1,5,18
1765,11,7,2,5,5
1766,11,7,3,4,2
1767,11,7,4,4,4
1768,11,7,5,4,4
1769,11,7,6,4,22
1770,11,7,7,6,15
1771,11,7,8,5,5
1772,11,7,9,6,0
1773,11,8,1,3,40
1774,11,8,2,4,2
1775,11,8,3,3,53
1776,11,8,4,4,6
1777,11,8,5,3,59
1778,11,8,6,4,17
1779,11,8,7,3,33
1780,11,8,8,3,38
1781,11,8,9,3,45
1782,11,9,1,3,58
1783,11,9,2,3,52
1784,11,9,3,3,38
1785,11,9,4,3,47
1786,11,9,5,3,46
1787,11,9,6,4,15
1788,11,9,7,3,34
1789,11,9,8,3,53
1790,11,9,9,3,37
1791,11,10,1,3,21
1792,11,10,2,3,36
1793,11,10,3,3,40
1794,11,10,4,3,26
1795,11,10,5,3,31
1796,11,10,6,3,39
1797,11,10,7,3,25
1798,11,10,8,3,41
1799,11,10,9,3,38
1800,11,11,1,3,42
1801,11,11,2,3,28
1802,11,11,3,3,31
1803,11,11,4,3,39
1804,11,11,5,3,33
1805,11,11,6,3,31
1806,11,11,7,3,40
1807,11,11,8,3,31
1808,11,11,9,3,36
1809,11,12,1,3,39
1810,11,12,2,3,46
1811,11,12,3,3,33
1812,11,12,4,3,31
1813,11,12,5,3,35
1814,11,12,6,3,40
1815,11,12,7,3,31
1816,11,12,8,3,23
1817,11,12,9,3,34
1818,11,13,1,3,40
1819,11,13,2,3,26
1820,11,13,3,3,30
1821,11,13,4,3,35
1822,11,13,5,3,35
1823,11,13,6,3,36
1824,11,13,7,3,31
1825,11,13,8,3,37
1826,11,13,9,3,44
1827,11,14,1,3,41
1828,11,14,2,3,42
1829,11,14,3,3,32
1830,11,14,4,3,33
1831,11,14,5,3,45
1832,11,14,6,3,33
1833,11,14,7,3,33
1834,11,14,8,3,48
1835,11,14,9,3,31
1836,11,15,1,3,38
1837,11,15,2,3,32
1838,11,15,3,3,31
1839,11,15,4,3,46
1840,11,15,5,3,22
1841,11,15,6,3,39
1842,11,15,7,3,32
1843,11,15,8,3,37
1844,11,15,9,3,23
1845,11,16,1,3,38
1846,11,16,2,3,28
1847,11,16,3,3,30
1848,11,16,4,3,39
1849,11,16,5,3,30
1850,11,16,6,3,27
1851,11,16,7,3,29
1852,11,16,8,3,60
1853,11,16,9,3,26
1854,11,17,1,3,46
1855,11,17,2,3,30
1856,11,17,3,3,42
1857,11,17,4,3,34
1858,11,17,5,3,31
1859,11,17,6,3,34
1860,11,17,7,3,36
1861,11,17,8,3,38
1862,11,17,9,3,32
1863,11,18,1,3,34
1864,11,18,2,3,29
1865,11,18,3,3,36
1866,11,18,4,3,43
1867,11,18,5,3,38
1868,11,18,6,3,39
1869,11,18,7,3,32
1870,11,18,8,3,33
1871,11,18,9,3,42
1872,11,19,1,3,38
1873,11,19,2,3,32
1874,11,19,3,3,43
1875,11,19,4,3,36
1876,11,19,5,3,29
1877,11,19,6,3,21
1878,11,19,7,3,32
1879,11,19,8,3,48
1880,11,19,9,3,46
1881,12,1,1,5,58
1882,12,1,2,5,55
1883,12,1,3,6,19
1884,12,1,4,6,28
1885,12,1,5,6,51
1886,12,1,6,5,58
1887,12,1,7,6,15
1888,12,1,8,7,59
1889,12,1,9,6,19
1890,12,2,1,9,25
1891,12,2,2,8,48
1892,12,2,3,7,55
1893,12,2,4,9,3
1894,12,2,5,9,16
1895,12,2,6,8,20
1896,12,2,7,9,9
1897,12,2,8,8,32
1898,12,2,9,9,7
1899,12,3,1,9,46
1900,12,3,2,9,49
1901,12,3,3,10,51
1902,12,3,4,9,47
1903,12,3,5,10,20
1904,12,3,6,10,17
1905,12,3,7,8,35
1906,12,3,8,10,3
1907,12,3,9,9,27
1908,12,4,1,9,33
1909,12,4,2,10,36
1910,12,4,3,8,50
1911,12,4,4,9,54
1912,12,4,5,9,52
1913,12,4,6,8,46
1914,12,4,7,10,36
1915,12,4,8,9,53
1916,12,4,9,9,16
1917,12,5,1,10,23
1918,12,5,2,9,1
1919,12,5,3,9,39
1920,12,5,4,8,58
1921,12,5,5,10,31
1922,12,5,6,8,33
1923,12,5,7,8,10
1924,12,5,8,9,11
1925,12,5,9,10,10
1926,12,6,1,7,54
1927,12,6,2,6,10
1928,12,6,3,7,24
1929,12,6,4,7,44
1930,12,6,5,8,55
1931,12,6,6,6,30
1932,12,6,7,7,6
1933,12,6,8,7,24
1934,12,6,9,6,32
1935,12,7,1,4,41
1936,12,7,2,4,60
1937,12,7,3,5,47
1938,12,7,4,4,1
1939,12,7,5,5,33
1940,12,7,6,4,24
1941,12,7,7,5,20
1942,12,7,8,6,34
1943,12,7,9,7,16
1944,12,8,1,4,8
1945,12,8,2,4,34
1946,12,8,3,5,8
1947,12,8,4,3,45
1948,12,8,5,3,50
1949,12,8,6,3,56
1950,12,8,7,3,23
1951,12,8,8,3,44
1952,12,8,9,4,14
1953,12,9,1,3,32
1954,12,9,2,3,36
1955,12,9,3,3,25
1956,12,9,4,3,45
1957,12,9,5,3,43
1958,12,9,6,3,44
1959,12,9,7,3,43
1960,12,9,8,3,45
1961,12,9,9,3,33
1962,12,10,1,3,41
1963,12,10,2,3,40
1964,12,10,3,3,25
1965,12,10,4,3,31
1966,12,10,5,3,31
1967,12,10,6,3,35
1968,12,10,7,3,28
1969,12,10,8,3,42
1970,12,10,9,3,48
1971,12,11,1,3,38
1972,12,11,2,3,28
1973,12,11,3,3,35
1974,12,11,4,3,29
1975,12,11,5,3,36
1976,12,11,6,3,38
1977,12,11,7,3,28
1978,12,11,8,3,31
1979,12,11,9,3,29
1980,12,12,1,3,29
1981,12,12,2,3,27
1982,12,12,3,3,30
1983,12,12,4,3,25
1984,12,12,5,3,38
1985,12,12,6,3,40
1986,12,12,7,3,35
1987,12,12,8,3,31
1988,12,12,9,3,19
1989,12,13,1,3,44
1990,12,13,2,3,36
1991,12,13,3,3,24
1992,12,13,4,3,35
1993,12,13,5,3,29
1994,12,13,6,3,38
1995,12,13,7,3,30
1996,12,13,8,3,30
1997,12,13,9,3,32
1998,12,14,1,3,18
1999,12,14,2,3,35
2000,12,14,3,3,35
2001,12,14,4,3,27
2002,12,14,5,3,29
2003,12,14,6,3,39
2004,12,14,7,3,35
2005,12,14,8,3,48
2006,12,14,9,3,21
2007,12,15,1,3,33
2008,12,15,2,3,21
2009,12,15,3,3,46
2010,12,15,4,3,28
2011,12,15,5,3,28
2012,12,15,6,3,20
2013,12,15,7,3,25
2014,12,15,8,3,33
2015,12,15,9,3,34
2016,12,16,1,3,25
2017,12,16,2,3,32
2018,12,16,3,3,35
2019,12,16,4,3,23
2020,12,16,5,3,30
2021,12,16,6,3,34
2022,12,16,7,3,28
2023,12,16,8,3,25
2024,12,16,9,3,28
2025,12,17,1,3,47
2026,12,17,2,3,31
2027,12,17,3,3,36
2028,12,17,4,3,26
2029,12,17,5,3,37
2030,12,17,6,3,29
2031,12,17,7,3,36
2032,12,17,8,3,34
2033,12,17,9,3,34
2034,12,18,1,3,28
2035,12,18,2,3,42
2036,12,18,3,3,33
2037,12,18,4,3,39
2038,12,18,5,3,40
2039,12,18,6,3,32
2040,12,18,7,3,22
2041,12,18,8,3,27
2042,12,18,9,3,37
2043,12,19,1,3,28
2044,12,19,2,3,36
2045,12,19,3,3,35
2046,12,19,4,3,46
2047,12,19,5,3,28
2048,12,19,6,3,30
2049,12,19,7,3,34
2050,12,19,8,3,42
2051,12,19,9,3,29
2052,13,1,1,6,28
2053,13,1,2,7,17
2054,13,1,3,7,2
2055,13,1,4,7,15
2056,13,1,5,6,27
2057,13,1,6,6,36
2058,13,1,7,6,17
2059,13,1,8,5,55
2060,13,1,9,6,53
2061,13,2,1,7,57
2062,13,2,2,9,27
2063,13,2,3,8,39
2064,13,2,4,9,27
2065,13,2,5,9,21
2066,13,2,6,8,35
2067,13,2,7,8,59
2068,13,2,8,8,22
2069,13,2,9,8,47
2070,13,3,1,10,19
2071,13,3,2,9,9
2072,13,3,3,9,25
2073,13,3,4,9,33
2074,13,3,5,9,23
2075,13,3,6,9,48
2076,13,3,7,8,47
2077,13,3,8,10,13
2078,13,3,9,9,18
2079,13,4,1,8,18
2080,13,4,2,9,60
2081,13,4,3,8,34
2082,13,4,4,10,57
2083,13,4,5,9,54
2084,13,4,6,9,14
2085,13,4,7,8,52
2086,13,4,8,10,49
2087,13,4,9,9,23
2088,13,5,1,6,14
2089,13,5,2,10,9
2090,13,5,3,9,57
2091,13,5,4,8,7
2092,13,5,5,9,40
2093,13,5,6,8,13
2094,13,5,7,9,17
2095,13,5,8,7,19
2096,13,5,9,7,34
2097,13,6,1,7,12
2098,13,6,2,6,45
2099,13,6,3,7,53
2100,13,6,4,6,18
2101,13,6,5,7,57
2102,13,6,6,4,59
2103,13,6,7,6,7
2104,13,6,8,8,18
2105,13,6,9,5,27
2106,13,7,1,4,59
2107,13,7,2,6,3
2108,13,7,3,4,45
2109,13,7,4,4,58
2110,13,7,5,7,18
2111,13,7,6,4,26
2112,13,7,7,4,15
2113,13,7,8,6,28
2114,13,7,9,5,48
2115,13,8,1,4,30
2116,13,8,2,3,38
2117,13,8,3,4,11
2118,13,8,4,3,44
2119,13,8,5,3,44
2120,13,8,6,4,8
2121,13,8,7,4,19
2122,13,8,8,3,32
2123,13,8,9,4,52
2124,13,9,1,3,38
2125,13,9,2,3,39
2126,13,9,3,3,40
2127,13,9,4,3,27
2128,13,9,5,3,48
2129,13,9,6,3,39
2130,13,9,7,3,49
2131,13,9,8,3,34
2132,13,9,9,3,41
2133,13,10,1,3,35
2134,13,10,2,3,22
2135,13,10,3,3,32
2136,13,10,4,3,37
2137,13,10,5,3,24
2138,13,10,6,3,45
2139,13,10,7,3,32
2140,13,10,8,3,34
2141,13,10,9,3,28
2142,13,11,1,3,43
2143,13,11,2,3,24
2144,13,11,3,3,26
2145,13,11,4,3,30
2146,13,11,5,3,29
2147,13,11,6,3,26
2148,13,11,7,3,35
2149,13,11,8,3,37
2150,13,11,9,3,27
2151,13,12,1,3,35
2152,13,12,2,3,21
2153,13,12,3,3,24
2154,13,12,4,3,26
2155,13,12,5,3,42
2156,13,12,6,3,48
2157,13,12,7,3,43
2158,13,12,8,3,29
2159,13,12,9,3,26
2160,13,13,1,3,31
2161,13,13,2,3,27
2162,13,13,3,3,44
2163,13,13,4,3,25
2164,13,13,5,3,41
2165,13,13,6,3,34
2166,13,13,7,3,32
2167,13,13,8,3,31
2168,13,13,9,3,26
2169,13,14,1,3,36
2170,13,14,2,3,29
2171,13,14,3,3,32
2172,13,14,4,3,14
2173,13,14,5,3,30
2174,13,14,6,3,29
2175,13,14,7,3,38
2176,13,14,8,3,19
2177,13,14,9,3,30
2178,13,15,1,3,26
2179,13,15,2,3,33
2180,13,15,3,3,30
2181,13,15,4,3,31
2182,13,15,5,3,33
2183,13,15,6,3,26
2184,13,15,7,3,30
2185,13,15,8,3,37
2186,13,15,9,3,29
2187,13,16,1,3,45
2188,13,16,2,3,39
2189,13,16,3,3,28
2190,13,16,4,3,31
2191,13,16,5,3,34
2192,13,16,6,3,31
2193,13,16,7,3,35
2194,13,16,8,3,27
2195,13,16,9,3,32
2196,13,17,1,3,41
2197,13,17,2,3,30
2198,13,17,3,3,28
2199,13,17,4,3,36
2200,13,17,5,3,32
2201,13,17,6,3,31
2202,13,17,7,3,27
2203,13,17,8,3,28
2204,13,17,9,3,40
2205,13,18,1,3,36
2206,13,18,2,3,23
2207,13,18,3,3,35
2208,13,18,4,3,32
2209,13,18,5,3,30
2210,13,18,6,3,22
2211,13,18,7,3,17
2212,13,18,8,3,37
2213,13,18,9,3,27
2214,13,19,1,3,32
2215,13,19,2,3,40
2216,13,19,3,3,26
2217,13,19,4,3,33
2218,13,19,5,3,37
2219,13,19,6,3,33
2220,13,19,7,3,37
2221,13,19,8,3,24
2222,13,19,9,3,24
2223,14,1,1,6,30
2224,14,1,2,8,46
2225,14,1,3,7,7
2226,14,1,4,7,24
2227,14,1,5,6,18
2228,14,1,6,5,40
2229,14,1,7,6,7
2230,14,1,8,6,30
2231,14,1,9,6,38
2232,14,2,1,7,59
2233,14,2,2,8,29
2234,14,2,3,7,42
2235,14,2,4,8,2
2236,14,2,5,9,25
2237,14,2,6,8,35
2238,14,2,7,8,45
2239,14,2,8,8,38
2240,14,2,9,8,53
2241,14,3,1,10,7
2242,14,3,2,10,27
2243,14,3,3,9,36
2244,14,3,4,8,23
2245,14,3,5,10,17
2246,14,3,6,10,47
2247,14,3,7,9,55
2248,14,3,8,10,24
2249,14,3,9,9,1
2250,14,4,1,9,8
2251,14,4,2,8,41
2252,14,4,3,8,43
2253,14,4,4,8,43
2254,14,4,5,9,40
2255,14,4,6,10,6
2256,14,4,7,10,15
2257,14,4,8,10,41
2258,14,4,9,7,18
2259,14,5,1,9,48
2260,14,5,2,8,38
2261,14,5,3,9,28
2262,14,5,4,8,41
2263,14,5,5,10,4
2264,14,5,6,8,52
2265,14,5,7,8,38
2266,14,5,8,7,45
2267,14,5,9,8,56
2268,14,6,1,7,58
2269,14,6,2,6,25
2270,14,6,3,6,33
2271,14,6,4,7,44
2272,14,6,5,6,48
2273,14,6,6,8,5
2274,14,6,7,6,49
2275,14,6,8,7,30
2276,14,6,9,5,28
2277,14,7,1,3,57
2278,14,7,2,5,2
2279,14,7,3,5,26
2280,14,7,4,4,17
2281,14,7,5,3,50
2282,14,7,6,5,40
2283,14,7,7,4,13
2284,14,7,8,4,18
2285,14,7,9,5,28
2286,14,8,1,4,3
2287,14,8,2,3,34
2288,14,8,3,4,37
2289,14,8,4,3,42
2290,14,8,5,3,32
2291,14,8,6,5,13
2292,14,8,7,3,49
2293,14,8,8,3,36
2294,14,8,9,3,46
2295,14,9,1,3,47
2296,14,9,2,3,41
2297,14,9,3,3,33
2298,14,9,4,3,48
2299,14,9,5,3,49
2300,14,9,6,3,42
2301,14,9,7,3,39
2302,14,9,8,3,38
2303,14,9,9,3,29
2304,14,10,1,3,47
2305,14,10,2,3,36
2306,14,10,3,3,29
2307,14,10,4,3,27
2308,14,10,5,3,35
2309,14,10,6,3,27
2310,14,10,7,3,42
2311,14,10,8,3,30
2312,14,10,9,3,31
2313,14,11,1,3,29
2314,14,11,2,3,29
2315,14,11,3,3,29
2316,14,11,4,3,32
2317,14,11,5,3,22
2318,14,11,6,3,23
2319,14,11,7,3,28
2320,14,11,8,3,36
2321,14,11,9,3,33
2322,14,12,1,3,33
2323,14,12,2,3,40
2324,14,12,3,3,32
2325,14,12,4,3,39
2326,14,12,5,3,31
2327,14,12,6,3,27
2328,14,12,7,3,33
2329,14,12,8,3,19
2330,14,12,9,3,37
2331,14,13,1,3,34
2332,14,13,2,3,23
2333,14,13,3,3,37
2334,14,13,4,3,27
2335,14,13,5,3,32
2336,14,13,6,3,28
2337,14,13,7,3,28
2338,14,13,8,3,32
2339,14,13,9,3,27
2340,14,14,1,3,27
2341,14,14,2,3,36
2342,14,14,3,3,33
2343,14,14,4,3,33
2344,14,14,5,3,29
2345,14,14,6,3,35
2346,14,14,7,3,20
2347,14,14,8,3,20
2348,14,14,9,3,27
2349,14,15,1,3,28
2350,14,15,2,3,29
2351,14,15,3,3,31
2352,14,15,4,3,27
2353,14,15,5,3,27
2354,14,15,6,3,26
2355,14,15,7,3,29
2356,14,15,8,3,37
2357,14,15,9,3,32
2358,14,16,1,3,31
2359,14,16,2,3,25
2360,14,16,3,3,32
2361,14,16,4,3,30
2362,14,16,5,3,29
2363,14,16,6,3,27
2364,14,16,7,3,32
2365,14,16,8,3,28
2366,14,16,9,3,29
2367,14,17,1,3,33
2368,14,17,2,3,33
2369,14,17,3,3,25
2370,14,17,4,3,33
2371,14,17,5,3,33
2372,14,17,6,3,33
2373,14,17,7,3,35
2374,14,17,8,3,30
2375,14,17,9,3,29
2376,14,18,1,3,38
2377,14,18,2,3,39
2378,14,18,3,3,28
2379,14,18,4,3,16
2380,14,18,5,3,33
2381,14,18,6,3,21
2382,14,18,7,3,30
2383,14,18,8,3,31
2384,14,18,9,3,26
2385,14,19,1,3,32
2386,14,19,2,3,36
2387,14,19,3,3,27
2388,14,19,4,3,29
2389,14,19,5,3,33
2390,14,19,6,3,31
2391,14,19,7,3,36
2392,14,19,8,3,27
2393,14,19,9,3,39
2394,15,1,1,6,18
2395,15,1,2,5,53
2396,15,1,3,6,2
2397,15,1,4,5,56
2398,15,1,5,6,28
2399,15,1,6,6,34
2400,15,1,7,6,18
2401,15,1,8,6,48
2402,15,1,9,6,9
2403,15,2,1,8,52
2404,15,2,2,8,24
2405,15,2,3,9,1
2406,15,2,4,8,42
2407,15,2,5,9,37
2408,15,2,6,8,26
2409,15,2,7,9,15
2410,15,2,8,9,36
2411,15,2,9,9,2
2412,15,3,1,10,25
2413,15,3,2,10,20
2414,15,3,3,9,53
2415,15,3,4,10,50
2416,15,3,5,10,53
2417,15,3,6,8,53
2418,15,3,7,9,36
2419,15,3,8,9,59
2420,15,3,9,10,25
2421,15,4,1,9,7
2422,15,4,2,9,52
2423,15,4,3,9,56
2424,15,4,4,10,36
2425,15,4,5,10,8
2426,15,4,6,10,43
2427,15,4,7,11,51
2428,15,4,8,10,26
2429,15,4,9,10,45
2430,15,5,1,8,15
2431,15,5,2,8,42
2432,15,5,3,8,59
2433,15,5,4,8,32
2434,15,5,5,8,24
2435,15,5,6,9,47
2436,15,5,7,8,21
2437,15,5,8,9,17
2438,15,5,9,9,17
2439,15,6,1,6,24
2440,15,6,2,7,9
2441,15,6,3,7,20
2442,15,6,4,8,22
2443,15,6,5,5,23
2444,15,6,6,6,28
2445,15,6,7,4,54
2446,15,6,8,4,49
2447,15,6,9,6,32
2448,15,7,1,7,13
2449,15,7,2,4,32
2450,15,7,3,4,35
2451,15,7,4,5,60
2452,15,7,5,5,36
2453,15,7,6,5,3
2454,15,7,7,4,43
2455,15,7,8,7,24
2456,15,7,9,4,30
2457,15,8,1,4,6
2458,15,8,2,4,27
2459,15,8,3,3,23
2460,15,8,4,3,39
2461,15,8,5,4,5
2462,15,8,6,4,10
2463,15,8,7,4,8
2464,15,8,8,3,36
2465,15,8,9,4,4
2466,15,9,1,3,28
2467,15,9,2,3,29
2468,15,9,3,3,38
2469,15,9,4,3,33
2470,15,9,5,3,33
2471,15,9,6,3,36
2472,15,9,7,3,36
2473,15,9,8,3,40
2474,15,9,9,3,35
2475,15,10,1,3,41
2476,15,10,2,3,28
2477,15,10,3,3,37
2478,15,10,4,3,37
2479,15,10,5,3,29
2480,15,10,6,3,33
2481,15,10,7,3,31
2482,15,10,8,3,36
2483,15,10,9,3,38
2484,15,11,1,3,30
2485,15,11,2,3,25
2486,15,11,3,3,37
2487,15,11,4,3,16
2488,15,11,5,3,40
2489,15,11,6,3,28
2490,15,11,7,3,32
2491,15,11,8,3,24
2492,15,11,9,3,23
2493,15,12,1,3,41
2494,15,12,2,3,26
2495,15,12,3,3,30
2496,15,12,4,3,41
2497,15,12,5,3,38
2498,15,12,6,3,36
2499,15,12,7,3,37
2500,15,12,8,3,36
2501,15,12,9,3,34
2502,15,13,1,3,31
2503,15,13,2,3,33
2504,15,13,3,3,25
2505,15,13,4,3,25
2506,15,13,5,3,32
2507,15,13,6,3,32
2508,15,13,7,3,30
2509,15,13,8,3,28
2510,15,13,9,3,26
2511,15,14,1,3,29
2512,15,14,2,3,40
2513,15,14,3,3,27
2514,15,14,4,3,23
2515,15,14,5,3,28
2516,15,14,6,3,37
2517,15,14,7,3,33
2518,15,14,8,3,30
2519,15,14,9,3,28
2520,15,15,1,3,35
2521,15,15,2,3,26
2522,15,15,3,3,33
2523,15,15,4,3,27
2524,15,15,5,3,24
2525,15,15,6,3,50
2526,15,15,7,3,30
2527,15,15,8,3,38
2528,15,15,9,3,30
2529,15,16,1,3,33
2530,15,16,2,3,35
2531,15,16,3,3,30
2532,15,16,4,3,27
2533,15,16,5,3,35
2534,15,16,6,3,19
2535,15,16,7,3,28
2536,15,16,8,3,33
2537,15,16,9,3,29
2538,15,17,1,3,32
2539,15,17,2,3,29
2540,15,17,3,3,21
2541,15,17,4,3,21
2542,15,17,5,3,38
2543,15,17,6,3,25
2544,15,17,7,3,32
2545,15,17,8,3,39
2546,15,17,9,3,26
2547,15,18,1,3,27
2548,15,18,2,3,27
2549,15,18,3,3,26
2550,15,18,4,3,37
2551,15,18,5,3,30
2552,15,18,6,3,34
2553,15,18,7,3,30
2554,15,18,8,3,27
2555,15,18,9,3,33
2556,15,19,1,3,31
2557,15,19,2,3,35
2558,15,19,3,3,35
2559,15,19,4,3,23
2560,15,19,5,3,25
2561,15,19,6,3,28
2562,15,19,7,3,32
2563,15,19,8,3,37
2564,15,19,9,3,38
2565,16,1,1,6,27
2566,16,1,2,6,41
2567,16,1,3,7,27
2568,16,1,4,6,48
2569,16,1,5,5,57
2570,16,1,6,7,10
2571,16,1,7,6,21
2572,16,1,8,7,54
2573,16,1,9,5,47
2574,16,2,1,8,16
2575,16,2,2,9,45
2576,16,2,3,9,36
2577,16,2,4,8,50
2578,16,2,5,8,12
2579,16,2,6,7,57
2580,16,2,7,8,34
2581,16,2,8,7,43
2582,16,2,9,8,2
2583,16,3,1,10,0
2584,16,3,2,10,19
2585,16,3,3,9,34
2586,16,3,4,9,52
2587,16,3,5,8,53
2588,16,3,6,9,27
2589,16,3,7,9,35
2590,16,3,8,9,38
2591,16,3,9,9,52
2592,16,4,1,9,28
2593,16,4,2,9,2
2594,16,4,3,9,35
2595,16,4,4,9,54
2596,16,4,5,8,46
2597,16,4,6,9,36
2598,16,4,7,9,22
2599,16,4,8,8,36
2600,16,4,9,10,21
2601,16,5,1,7,51
2602,16,5,2,7,29
2603,16,5,3,8,59
2604,16,5,4,10,31
2605,16,5,5,7,56
2606,16,5,6,7,10
2607,16,5,7,8,39
2608,16,5,8,7,51
2609,16,5,9,8,13
2610,16,6,1,8,29
2611,16,6,2,5,46
2612,16,6,3,5,42
2613,16,6,4,9,33
2614,16,6,5,7,54
2615,16,6,6,6,2
2616,16,6,7,7,32
2617,16,6,8,6,39
2618,16,6,9,7,42
2619,16,7,1,4,31
2620,16,7,2,6,55
2621,16,7,3,4,25
2622,16,7,4,5,40
2623,16,7,5,7,41
2624,16,7,6,4,16
2625,16,7,7,3,45
2626,16,7,8,3,49
2627,16,7,9,5,3
2628,16,8,1,3,36
2629,16,8,2,3,59
2630,16,8,3,3,37
2631,16,8,4,3,43
2632,16,8,5,3,46
2633,16,8,6,4,48
2634,16,8,7,4,11
2635,16,8,8,4,3
2636,16,8,9,4,45
2637,16,9,1,3,35
2638,16,9,2,3,32
2639,16,9,3,3,33
2640,16,9,4,3,43
2641,16,9,5,3,39
2642,16,9,6,3,48
2643,16,9,7,3,46
2644,16,9,8,3,45
2645,16,9,9,3,38
2646,16,10,1,3,39
2647,16,10,2,3,28
2648,16,10,3,3,23
2649,16,10,4,3,36
2650,16,10,5,3,26
2651,16,10,6,3,31
2652,16,10,7,3,38
2653,16,10,8,3,39
2654,16,10,9,3,33
2655,16,11,1,3,42
2656,16,11,2,3,20
2657,16,11,3,3,32
2658,16,11,4,3,31
2659,16,11,5,3,23
2660,16,11,6,3,26
2661,16,11,7,3,43
2662,16,11,8,3,27
2663,16,11,9,3,38
2664,16,12,1,3,31
2665,16,12,2,3,36
2666,16,12,3,3,25
2667,16,12,4,3,26
2668,16,12,5,3,38
2669,16,12,6,3,32
2670,16,12,7,3,37
2671,16,12,8,3,28
2672,16,12,9,3,20
2673,16,13,1,3,27
2674,16,13,2,3,28
2675,16,13,3,3,38
2676,16,13,4,3,27
2677,16,13,5,3,28
2678,16,13,6,3,22
2679,16,13,7,3,28
2680,16,13,8,3,42
2681,16,13,9,3,30
2682,16,14,1,3,38
2683,16,14,2,3,43
2684,16,14,3,3,36
2685,16,14,4,3,37
2686,16,14,5,3,34
2687,16,14,6,3,28
2688,16,14,7,3,24
2689,16,14,8,3,34
2690,16,14,9,3,44
2691,16,15,1,3,36
2692,16,15,2,3,21
2693,16,15,3,3,31
2694,16,15,4,3,33
2695,16,15,5,3,26
2696,16,15,6,3,36
2697,16,15,7,3,30
2698,16,15,8,3,29
2699,16,15,9,3,18
2700,16,16,1,3,33
2701,16,16,2,3,30
2702,16,16,3,3,24
2703,16,16,4,3,29
2704,16,16,5,3,25
2705,16,16,6,3,25
2706,16,16,7,3,40
2707,16,16,8,3,31
2708,16,16,9,3,29
2709,16,17,1,3,25
2710,16,17,2,3,18
2711,16,17,3,3,30
2712,16,17,4,3,27
2713,16,17,5,3,31
2714,16,17,6,3,31
2715,16,17,7,3,32
2716,16,17,8,3,32
2717,16,17,9,3,37
2718,16,18,1,3,27
2719,16,18,2,3,32
2720,16,18,3,3,27
2721,16,18,4,3,16
2722,16,18,5,3,31
2723,16,18,6,3,34
2724,16,18,7,3,26
2725,16,18,8,3,30
2726,16,18,9,3,24
2727,16,19,1,3,36
2728,16,19,2,3,30
2729,16,19,3,3,31
2730,16,19,4,3,34
2731,16,19,5,3,25
2732,16,19,6,3,32
2733,16,19,7,3,20
2734,16,19,8,3,43
2735,16,19,9,3,31
2736,17,1,1,6,4
2737,17,1,2,6,28
2738,17,1,3,6,56
2739,17,1,4,6,25
2740,17,1,5,6,12
2741,17,1,6,6,35
2742,17,1,7,6,6
2743,17,1,8,6,49
2744,17,1,9,6,55
2745,17,2,1,9,49
2746,17,2,2,9,3
2747,17,2,3,8,52
2748,17,2,4,8,50
2749,17,2,5,8,13
2750,17,2,6,8,53
2751,17,2,7,8,48
2752,17,2,8,8,15
2753,17,2,9,8,56
2754,17,3,1,9,58
2755,17,3,2,10,20
2756,17,3,3,10,39
2757,17,3,4,11,11
2758,17,3,5,10,2
2759,17,3,6,9,14
2760,17,3,7,10,46
2761,17,3,8,10,7
2762,17,3,9,9,49
2763,17,4,1,10,1
2764,17,4,2,9,50
2765,17,4,3,10,12
2766,17,4,4,9,32
2767,17,4,5,9,50
2768,17,4,6,7,47
2769,17,4,7,9,49
2770,17,4,8,9,1
2771,17,4,9,9,9
2772,17,5,1,9,10
2773,17,5,2,9,55
2774,17,5,3,7,25
2775,17,5,4,6,30
2776,17,5,5,9,4
2777,17,5,6,10,4
2778,17,5,7,7,56
2779,17,5,8,9,5
2780,17,5,9,10,46
2781,17,6,1,6,18
2782,17,6,2,8,42
2783,17,6,3,8,12
2784,17,6,4,7,44
2785,17,6,5,6,58
2786,17,6,6,8,25
2787,17,6,7,5,20
2788,17,6,8,7,1
2789,17,6,9,6,20
2790,17,7,1,3,46
2791,17,7,2,4,55
2792,17,7,3,5,32
2793,17,7,4,6,22
2794,17,7,5,5,53
2795,17,7,6,6,10
2796,17,7,7,4,37
2797,17,7,8,5,4
2798,17,7,9,4,32
2799,17,8,1,3,53
2800,17,8,2,4,1
2801,17,8,3,3,46
2802,17,8,4,3,36
2803,17,8,5,3,49
2804,17,8,6,3,50
2805,17,8,7,3,35
2806,17,8,8,3,56
2807,17,8,9,3,49
2808,17,9,1,3,45
2809,17,9,2,3,30
2810,17,9,3,3,43
2811,17,9,4,3,40
2812,17,9,5,3,37
2813,17,9,6,3,36
2814,17,9,7,3,42
2815,17,9,8,3,20
2816,17,9,9,3,32
2817,17,10,1,3,28
2818,17,10,2,3,35
2819,17,10,3,3,26
2820,17,10,4,3,39
2821,17,10,5,3,49
2822,17,10,6,3,23
2823,17,10,7,3,42
2824,17,10,8,3,46
2825,17,10,9,3,35
2826,17,11,1,3,32
2827,17,11,2,3,31
2828,17,11,3,3,36
2829,17,11,4,3,32
2830,17,11,5,3,27
2831,17,11,6,3,20
2832,17,11,7,3,31
2833,17,11,8,3,32
2834,17,11,9,3,32
2835,17,12,1,3,37
2836,17,12,2,3,33
2837,17,12,3,3,27
2838,17,12,4,3,21
2839,17,12,5,3,35
2840,17,12,6,3,22
2841,17,12,7,3,29
2842,17,12,8,3,26
2843,17,12,9,3,36
2844,17,13,1,3,35
2845,17,13,2,3,37
2846,17,13,3,3,31
2847,17,13,4,3,14
2848,17,13,5,3,35
2849,17,13,6,3,26
2850,17,13,7,3,23
2851,17,13,8,3,25
2852,17,13,9,3,29
2853,17,14,1,3,32
2854,17,14,2,3,29
2855,17,14,3,3,31
2856,17,14,4,3,26
2857,17,14,5,3,40
2858,17,14,6,3,29
2859,17,14,7,3,26
2860,17,14,8,3,39
2861,17,14,9,3,33
2862,17,15,1,3,33
2863,17,15,2,3,30
2864,17,15,3,3,29
2865,17,15,4,3,33
2866,17,15,5,3,28
2867,17,15,6,3,41
2868,17,15,7,3,19
2869,17,15,8,3,31
2870,17,15,9,3,32
2871,17,16,1,3,36
2872,17,16,2,3,29
2873,17,16,3,3,37
2874,17,16,4,3,30
2875,17,16,5,3,30
2876,17,16,6,3,32
2877,17,16,7,3,35
2878,17,16,8,3,34
2879,17,16,9,3,29
2880,17,17,1,3,37
2881,17,17,2,3,30
2882,17,17,3,3,27
2883,17,17,4,3,29
2884,17,17,5,3,26
2885,17,17,6,3,32
2886,17,17,7,3,29
2887,17,17,8,3,33
2888,17,17,9,3,24
2889,17,18,1,3,37
2890,17,18,2,3,24
2891,17,18,3,3,22
2892,17,18,4,3,26
2893,17,18,5,3,34
2894,17,18,6,3,27
2895,17,18,7,3,34
2896,17,18,8,3,25
2897,17,18,9,3,26
2898,17,19,1,3,32
2899,17,19,2,3,45
2900,17,19,3,3,36
2901,17,19,4,3,39
2902,17,19,5,3,32
2903,17,19,6,3,37
2904,17,19,7,3,20
2905,17,19,8,3,30
2906,17,19,9,3,32
2907,18,1,1,6,58
2908,18,1,2,6,33
2909,18,1,3,6,45
2910,18,1,4,6,21
2911,18,1,5,6,37
2912,18,1,6,6,3
2913,18,1,7,6,39
2914,18,1,8,7,16
2915,18,1,9,5,52
2916,18,2,1,9,20
2917,18,2,2,9,11
2918,18,2,3,9,6
2919,18,2,4,9,15
2920,18,2,5,9,16
2921,18,2,6,9,17
2922,18,2,7,8,26
2923,18,2,8,9,54
2924,18,2,9,9,15
2925,18,3,1,8,60
2926,18,3,2,9,50
2927,18,3,3,8,45
2928,18,3,4,10,15
2929,18,3,5,9,4
2930,18,3,6,9,27
2931,18,3,7,9,51
2932,18,3,8,8,48
2933,18,3,9,9,7
2934,18,4,1,8,38
2935,18,4,2,9,10
2936,18,4,3,9,20
2937,18,4,4,10,47
2938,18,4,5,9,37
2939,18,4,6,9,37
2940,18,4,7,8,6
2941,18,4,8,10,2
2942,18,4,9,10,9
2943,18,5,1,6,38
2944,18,5,2,9,38
2945,18,5,3,7,54
2946,18,5,4,8,17
2947,18,5,5,7,33
2948,18,5,6,7,43
2949,18,5,7,8,18
2950,18,5,8,11,4
2951,18,5,9,8,48
2952,18,6,1,6,57
2953,18,6,2,6,46
2954,18,6,3,8,36
2955,18,6,4,5,55
2956,18,6,5,7,20
2957,18,6,6,7,57
2958,18,6,7,6,54
2959,18,6,8,5,27
2960,18,6,9,6,5
2961,18,7,1,7,19
2962,18,7,2,4,55
2963,18,7,3,5,37
2964,18,7,4,5,21
2965,18,7,5,4,41
2966,18,7,6,6,30
2967,18,7,7,4,22
2968,18,7,8,4,50
2969,18,7,9,4,53
2970,18,8,1,3,35
2971,18,8,2,4,11
2972,18,8,3,4,6
2973,18,8,4,3,52
2974,18,8,5,5,6
2975,18,8,6,5,17
2976,18,8,7,3,52
2977,18,8,8,3,36
2978,18,8,9,4,11
2979,18,9,1,3,42
2980,18,9,2,3,43
2981,18,9,3,3,32
2982,18,9,4,3,54
2983,18,9,5,3,43
2984,18,9,6,3,56
2985,18,9,7,3,31
2986,18,9,8,3,29
2987,18,9,9,3,35
2988,18,10,1,3,34
2989,18,10,2,3,49
2990,18,10,3,3,52
2991,18,10,4,3,33
2992,18,10,5,3,27
2993,18,10,6,3,35
2994,18,10,7,3,35
2995,18,10,8,3,30
2996,18,10,9,3,33
2997,18,11,1,3,38
2998,18,11,2,3,26
2999,18,11,3,3,35
3000,18,11,4,3,35
3001,18,11,5,3,18
3002,18,11,6,3,32
3003,18,11,7,3,33
3004,18,11,8,3,32
3005,18,11,9,3,31
3006,18,12,1,3,34
3007,18,12,2,3,24
3008,18,12,3,3,30
3009,18,12,4,3,30
3010,18,12,5,3,23
3011,18,12,6,3,33
3012,18,12,7,3,34
3013,18,12,8,3,24
3014,18,12,9,3,23
3015,18,13,1,3,30
3016,18,13,2,3,38
3017,18,13,3,3,19
3018,18,13,4,3,24
3019,18,13,5,3,14
3020,18,13,6,3,35
3021,18,13,7,3,32
3022,18,13,8,3,28
3023,18,13,9,3,39
3024,18,14,1,3,18
3025,18,14,2,3,31
3026,18,14,3,3,26
3027,18,14,4,3,41
3028,18,14,5,3,28
3029,18,14,6,3,25
3030,18,14,7,3,24
3031,18,14,8,3,46
3032,18,14,9,3,31
3033,18,15,1,3,30
3034,18,15,2,3,27
3035,18,15,3,3,37
3036,18,15,4,3,31
3037,18,15,5,3,38
3038,18,15,6,3,29
3039,18,15,7,3,28
3040,18,15,8,3,33
3041,18,15,9,3,25
3042,18,16,1,3,41
3043,18,16,2,3,40
3044,18,16,3,3,43
3045,18,16,4,3,32
3046,18,16,5,3,31
3047,18,16,6,3,35
3048,18,16,7,3,18
3049,18,16,8,3,33
3050,18,16,9,3,18
3051,18,17,1,3,32
3052,18,17,2,3,35
3053,18,17,3,3,28
3054,18,17,4,3,34
3055,18,17,5,3,19
3056,18,17,6,3,26
3057,18,17,7,3,30
3058,18,17,8,3,26
3059,18,17,9,3,26
3060,18,18,1,3,36
3061,18,18,2,3,32
3062,18,18,3,3,30
3063,18,18,4,3,34
3064,18,18,5,3,27
3065,18,18,6,3,29
3066,18,18,7,3,14
3067,18,18,8,3,29
3068,18,18,9,3,24
3069,18,19,1,3,23
3070,18,19,2,3,28
3071,18,19,3,3,41
3072,18,19,4,3,27
3073,18,19,5,3,32
3074,18,19,6,3,36
3075,18,19,7,3,31
3076,18,19,8,3,27
3077,18,19,9,3,21
3078,19,1,1,6,21
3079,19,1,2,7,7
3080,19,1,3,7,29
3081,19,1,4,6,0
3082,19,1,5,5,45
3083,19,1,6,6,58
3084,19,1,7,6,12
3085,19,1,8,6,33
3086,19,1,9,6,24
3087,19,2,1,8,4
3088,19,2,2,9,15
3089,19,2,3,8,50
3090,19,2,4,9,11
3091,19,2,5,8,27
3092,19,2,6,9,23
3093,19,2,7,10,8
3094,19,2,8,9,14
3095,19,2,9,9,7
3096,19,3,1,9,48
3097,19,3,2,10,8
3098,19,3,3,10,2
3099,19,3,4,10,19
3100,19,3,5,9,22
3101,19,3,6,8,38
3102,19,3,7,8,56
3103,19,3,8,10,26
3104,19,3,9,9,43
3105,19,4,1,9,38
3106,19,4,2,8,1
3107,19,4,3,8,2
3108,19,4,4,10,20
3109,19,4,5,9,30
3110,19,4,6,9,23
3111,19,4,7,10,26
3112,19,4,8,9,42
3113,19,4,9,8,45
3114,19,5,1,6,58
3115,19,5,2,7,41
3116,19,5,3,8,4
3117,19,5,4,9,25
3118,19,5,5,8,53
3119,19,5,6,8,43
3120,19,5,7,9,53
3121,19,5,8,9,30
3122,19,5,9,8,46
3123,19,6,1,7,1
3124,19,6,2,6,9
3125,19,6,3,5,9
3126,19,6,4,6,53
3127,19,6,5,8,4
3128,19,6,6,8,35
3129,19,6,7,8,16
3130,19,6,8,8,36
3131,19,6,9,6,35
3132,19,7,1,5,9
3133,19,7,2,4,56
3134,19,7,3,5,13
3135,19,7,4,4,35
3136,19,7,5,7,22
3137,19,7,6,6,15
3138,19,7,7,4,43
3139,19,7,8,5,15
3140,19,7,9,5,14
3141,19,8,1,4,16
3142,19,8,2,4,46
3143,19,8,3,3,41
3144,19,8,4,3,59
3145,19,8,5,3,38
3146,19,8,6,4,38
3147,19,8,7,3,48
3148,19,8,8,3,46
3149,19,8,9,4,4
3150,19,9,1,3,52
3151,19,9,2,3,31
3152,19,9,3,3,33
3153,19,9,4,3,35
3154,19,9,5,3,30
3155,19,9,6,3,33
3156,19,9,7,4,1
3157,19,9,8,3,32
3158,19,9,9,3,28
3159,19,10,1,3,23
3160,19,10,2,3,48
3161,19,10,3,3,22
3162,19,10,4,3,27
3163,19,10,5,3,26
3164,19,10,6,3,42
3165,19,10,7,3,29
3166,19,10,8,3,28
3167,19,10,9,3,33
3168,19,11,1,3,26
3169,19,11,2,3,32
3170,19,11,3,3,46
3171,19,11,4,3,32
3172,19,11,5,3,39
3173,19,11,6,3,16
3174,19,11,7,3,37
3175,19,11,8,3,34
3176,19,11,9,3,32
3177,19,12,1,3,28
3178,19,12,2,3,30
3179,19,12,3,3,26
3180,19,12,4,3,26
3181,19,12,5,3,38
3182,19,12,6,3,28
3183,19,12,7,3,33
3184,19,12,8,3,26
3185,19,12,9,3,30
3186,19,13,1,3,35
3187,19,13,2,3,35
3188,19,13,3,3,34
3189,19,13,4,3,20
3190,19,13,5,3,29
3191,19,13,6,3,31
3192,19,13,7,3,33
3193,19,13,8,3,30
3194,19,13,9,3,33
3195,19,14,1,3,28
3196,19,14,2,3,33
3197,19,14,3,3,31
3198,19,14,4,3,40
3199,19,14,5,3,26
3200,19,14,6,3,28
3201,19,14,7,3,29
3202,19,14,8,3,41
3203,19,14,9,3,29
3204,19,15,1,3,39
3205,19,15,2,3,37
3206,19,15,3,3,34
3207,19,15,4,3,38
3208,19,15,5,3,29
3209,19,15,6,3,30
3210,19,15,7,3,26
3211,19,15,8,3,34
3212,19,15,9,3,31
3213,19,16,1,3,46
3214,19,16,2,3,36
3215,19,16,3,3,20
3216,19,16,4,3,25
3217,19,16,5,3,32
3218,19,16,6,3,21
3219,19,16,7,3,32
3220,19,16,8,3,31
3221,19,16,9,3,23
3222,19,17,1,3,32
3223,19,17,2,3,25
3224,19,17,3,3,27
3225,19,17,4,3,33
3226,19,17,5,3,32
3227,19,17,6,3,30
3228,19,17,7,3,44
3229,19,17,8,3,16
3230,19,17,9,3,36
3231,19,18,1,3,44
3232,19,18,2,3,36
3233,19,18,3,3,32
3234,19,18,4,3,23
3235,19,18,5,3,33
3236,19,18,6,3,25
3237,19,18,7,3,27
3238,19,18,8,3,41
3239,19,18,9,3,30
3240,19,19,1,3,32
3241,19,19,2,3,27
3242,19,19,3,3,37
3243,19,19,4,3,30
3244,19,19,5,3,30
3245,19,19,6,3,35
3246,19,19,7,3,34
3247,19,19,8,3,30
3248,19,19,9,3,34
